frequency_hz,group,n_subjects,mean_log10_psd,sem_log10_psd,ci95_low_log10_psd,ci95_high_log10_psd
1.0,ASD,61,2.0571022391799,0.026754398310424136,2.0046636184914686,2.109540859868331
1.5,ASD,61,1.7601000934841091,0.020624472770699457,1.719676126853538,1.8005240601146801
2.0,ASD,61,1.5260672677894336,0.020971385997601743,1.4849633512341343,1.567171184344733
2.5,ASD,61,1.3603001086793631,0.020044348416702662,1.321013185782626,1.3995870315761003
3.0,ASD,61,1.2850448280708444,0.01851793817304767,1.248749669251671,1.3213399868900177
3.5,ASD,61,1.2421366337193385,0.018817619815969588,1.205254098880038,1.279019168558639
4.0,ASD,61,1.1964878232618752,0.019575126339917617,1.1581205756356368,1.2348550708881136
4.5,ASD,61,1.1211767865104905,0.020965375764184366,1.080084650012689,1.1622689230082919
5.0,ASD,61,1.0429223521761564,0.022166668372928265,0.999475682165217,1.0863690221870959
5.5,ASD,61,0.973032640193407,0.023286151601412994,0.9273917830546375,1.0186734973321765
6.0,ASD,61,0.9460028239275922,0.027917491651366082,0.8912845402909146,1.0007211075642697
6.5,ASD,61,0.9344229826321204,0.032210079263524274,0.8712912272756128,0.997554737988628
7.0,ASD,61,0.9306100881097799,0.03406213964293727,0.8638482944096229,0.9973718818099369
7.5,ASD,61,0.9191849191537107,0.034806541653106725,0.8509640975136216,0.9874057407937998
8.0,ASD,61,0.9250121928578275,0.03615403329760972,0.8541502875945125,0.9958740981211426
8.5,ASD,61,0.9879675569642762,0.04617106771750403,0.8974722642379683,1.0784628496905841
9.0,ASD,61,1.032350409336084,0.052330405164831686,0.9297828152130139,1.1349180034591542
9.5,ASD,61,0.9996360707305403,0.04693879852972494,0.9076360256122794,1.0916361158488013
10.0,ASD,61,0.8751497442484558,0.04078494600287221,0.7952112500828263,0.9550882384140853
10.5,ASD,61,0.7339765809709874,0.039113172189137894,0.6573147634802772,0.8106383984616976
11.0,ASD,61,0.5887310756963747,0.03568942409208968,0.5187798044758789,0.6586823469168706
11.5,ASD,61,0.44535507805714214,0.028859351295590592,0.3887907495177846,0.5019194065964997
12.0,ASD,61,0.33156039157351325,0.02462042042450831,0.283304367541477,0.3798164156055495
12.5,ASD,61,0.25907023191276174,0.02291476350972997,0.214157295433691,0.3039831683918325
13.0,ASD,61,0.2154133555604352,0.022841986295495557,0.17064306242126392,0.2601836486996065
13.5,ASD,61,0.17673663324950903,0.022729160203006936,0.13218747925161545,0.2212857872474026
14.0,ASD,61,0.14386246293525612,0.02423363761796302,0.0963645332040486,0.19136039266646365
14.5,ASD,61,0.11126852814213531,0.025406459042380532,0.061471868419069466,0.16106518786520116
15.0,ASD,61,0.08682296428449315,0.025198972481915292,0.037432978219939184,0.13621295034904712
15.5,ASD,61,0.047144038161428044,0.025892396051024433,-0.003605058098579847,0.09789313442143593
16.0,ASD,61,0.026166619596906547,0.02687095298535095,-0.026500448254381317,0.07883368744819441
16.5,ASD,61,0.008530477893982966,0.026964647939048486,-0.044320232066552064,0.061381187854517995
17.0,ASD,61,-0.017359677466124972,0.026869812776509426,-0.07002451050808345,0.0353051555758335
17.5,ASD,61,-0.038295166488763986,0.026081470305335863,-0.08941484828722228,0.012824515309694307
18.0,ASD,61,-0.047426993870381046,0.026517420220191393,-0.09940113750195617,0.00454714976119408
18.5,ASD,61,-0.07009007383451527,0.02604170625631672,-0.12113181809689604,-0.019048329572134495
19.0,ASD,61,-0.09822071884199825,0.026993152284813172,-0.15112729732023206,-0.04531414036376443
19.5,ASD,61,-0.13236645849418024,0.026040722585420322,-0.18340627476160407,-0.08132664222675642
20.0,ASD,61,-0.15681986647786497,0.025848148035855976,-0.2074822366281427,-0.10615749632758725
20.5,ASD,61,-0.19241176858633277,0.026516658507640806,-0.24438441926130874,-0.1404391179113568
21.0,ASD,61,-0.22503546752142814,0.026373408770540573,-0.2767273487116877,-0.17334358633116861
21.5,ASD,61,-0.24983140692854702,0.02592627563959041,-0.3006469071821442,-0.1990159066749498
22.0,ASD,61,-0.2843231550636589,0.026345672477213086,-0.3359606731189966,-0.23268563700832126
22.5,ASD,61,-0.31437841391655397,0.026818930164294787,-0.36694351703857175,-0.2618133107945362
23.0,ASD,61,-0.3396468021054012,0.027038467357531838,-0.39264219812616363,-0.2866514060846388
23.5,ASD,61,-0.36413004700067825,0.027536144742520825,-0.4181008906960191,-0.3101592033053374
24.0,ASD,61,-0.37639452200031714,0.027182537069554848,-0.42967229465664464,-0.32311674934398965
24.5,ASD,61,-0.40894511578983417,0.028634332729938226,-0.4650684079405131,-0.35282182363915526
25.0,ASD,61,-0.4178255740779186,0.02766349354096467,-0.47204602141820934,-0.36360512673762785
25.5,ASD,61,-0.43118157757596165,0.027937761855048864,-0.48593959081185745,-0.37642356434006585
26.0,ASD,61,-0.44451178701567534,0.030875459643690383,-0.5050276879173085,-0.3839958861140422
26.5,ASD,61,-0.4578553259861799,0.03144190811356383,-0.519481465888765,-0.3962291860835948
27.0,ASD,61,-0.47735089140746045,0.03171011065317393,-0.5395027082876813,-0.41519907452723953
27.5,ASD,61,-0.4968875310515491,0.032718868764022864,-0.561016513829034,-0.4327585482740643
28.0,ASD,61,-0.5083036616943991,0.033250272100673495,-0.5734741950117191,-0.4431331283770791
28.5,ASD,61,-0.5198549023505038,0.0341567223730444,-0.5868020782016709,-0.45290772649933675
29.0,ASD,61,-0.5340430784965255,0.034481470448824075,-0.6016267605762208,-0.4664593964168304
29.5,ASD,61,-0.5416947701297431,0.03470413310214075,-0.6097148710099389,-0.4736746692495472
30.0,ASD,61,-0.5420568430953171,0.03695881655959461,-0.6144961235521226,-0.4696175626385117
30.5,ASD,61,-0.5534457297750722,0.03763100410994499,-0.6272024978305644,-0.47968896171958003
31.0,ASD,61,-0.5609766127659102,0.03733765255444687,-0.634158411772626,-0.4877948137591943
31.5,ASD,61,-0.5740117698332153,0.037985467061549684,-0.6484632852738528,-0.49956025439257795
32.0,ASD,61,-0.5941056769603809,0.03963835029487516,-0.6717968435383361,-0.5164145103824256
32.5,ASD,61,-0.6179392676008345,0.040095422749768204,-0.6965262961903802,-0.5393522390112888
33.0,ASD,61,-0.6366250985983598,0.03960479803075637,-0.7142505027386423,-0.5589996944580773
33.5,ASD,61,-0.6506224227080848,0.03934630226461846,-0.727741175146737,-0.5735036702694326
34.0,ASD,61,-0.6538926783851506,0.042447513068758075,-0.7370898039999164,-0.5706955527703849
34.5,ASD,61,-0.6632476492677817,0.04297847783990665,-0.7474854658339987,-0.5790098327015647
35.0,ASD,61,-0.6702456918003155,0.04396781106042778,-0.756422601478754,-0.584068782121877
35.5,ASD,61,-0.6873731583422189,0.0436554571127992,-0.7729378542833053,-0.6018084624011325
36.0,ASD,61,-0.6883606562629255,0.04525078196803886,-0.7770521889202817,-0.5996691236055693
36.5,ASD,61,-0.7025057066071058,0.045320237039226725,-0.7913333712039902,-0.6136780420102214
37.0,ASD,61,-0.7201132875355652,0.04586010773051355,-0.8099990986873717,-0.6302274763837588
37.5,ASD,61,-0.7365231580332435,0.047012522043388384,-0.8286677012382848,-0.6443786148282022
38.0,ASD,61,-0.7427373591409668,0.04857241235325344,-0.8379392873533436,-0.6475354309285901
38.5,ASD,61,-0.7444832649828313,0.047564168071044445,-0.8377090344020784,-0.6512574955635843
39.0,ASD,61,-0.7419645885914466,0.04881380937909906,-0.8376396549744808,-0.6462895222084125
39.5,ASD,61,-0.7566990530367977,0.04936162950393434,-0.853447846864509,-0.6599502592090865
40.0,ASD,61,-0.7639754791710689,0.04999811006720281,-0.8619717749027864,-0.6659791834393514
1.0,TD,77,2.0719082286879016,0.02262796821717744,2.027557410982234,2.1162590463935693
1.5,TD,77,1.81062792228284,0.020753316765460744,1.7699514214225371,1.851304423143143
2.0,TD,77,1.5701316268522756,0.02179298896296392,1.5274173684848662,1.612845885219685
2.5,TD,77,1.3956879195156366,0.021724557894450696,1.3531077860425134,1.43826805298876
3.0,TD,77,1.2984803309232638,0.022002946697524964,1.2553545553961147,1.3416061064504128
3.5,TD,77,1.2469143081035512,0.023672644568303366,1.2005159247496766,1.2933126914574258
4.0,TD,77,1.193712725132713,0.024527384730807282,1.145639051060331,1.2417863992050953
4.5,TD,77,1.1066500000251211,0.025149599055805348,1.0573567858757427,1.1559432141744996
5.0,TD,77,1.0108150515088183,0.023634344002640573,0.9644917372636428,1.057138365753994
5.5,TD,77,0.9423377381014985,0.023755245638496764,0.8957774566500448,0.9888980195529521
6.0,TD,77,0.9175981132493257,0.024980500882773114,0.8686363315190904,0.9665598949795611
6.5,TD,77,0.9240265270332982,0.029023560816609315,0.867140347832744,0.9809127062338525
7.0,TD,77,0.943752847489321,0.03412129035687574,0.8768751183898446,1.0106305765887975
7.5,TD,77,0.9548896979543945,0.037123470767905474,0.8821276952492998,1.0276517006594892
8.0,TD,77,0.9799369427457587,0.040319341055570904,0.9009110342768397,1.0589628512146776
8.5,TD,77,1.0505927554154608,0.0457541764336866,0.9609145696054351,1.1402709412254866
9.0,TD,77,1.0849046677880514,0.04822844414389271,0.9903769172660217,1.179432418310081
9.5,TD,77,1.0595392984612542,0.051131641803259895,0.9593212805268647,1.1597573163956436
10.0,TD,77,0.9617562784757645,0.05318333021706139,0.8575169512503242,1.0659956057012048
10.5,TD,77,0.7817254942188429,0.049000448772312084,0.6856846146251112,0.8777663738125745
11.0,TD,77,0.5905585048984485,0.03761720806077284,0.5168287770993337,0.6642882326975633
11.5,TD,77,0.4336148001076645,0.02826461014502322,0.37821616422341897,0.48901343599191005
12.0,TD,77,0.3283829851712916,0.026205273214277614,0.27702064967130746,0.37974532067127575
12.5,TD,77,0.2602211985786645,0.02533539058949989,0.21056383302324472,0.30987856413408427
13.0,TD,77,0.21666118158077774,0.024600252241997918,0.16844468718646183,0.26487767597509365
13.5,TD,77,0.1838522411220024,0.02445470905945556,0.13592101136546952,0.2317834708785353
14.0,TD,77,0.15102991386958559,0.023981377247222362,0.10402641446502975,0.19803341327414142
14.5,TD,77,0.11210604468253924,0.02339346596572644,0.06625485138971542,0.15795723797536304
15.0,TD,77,0.0832218218269305,0.023537050164519922,0.03708920350447145,0.12935444014938954
15.5,TD,77,0.04713285995828709,0.023728494654724954,0.000625010435026177,0.093640709481548
16.0,TD,77,0.01631521693528456,0.02350085268779923,-0.02974645433280193,0.06237688820337105
16.5,TD,77,-0.0009091599876316571,0.024765844438387856,-0.049450215086871856,0.04763189511160854
17.0,TD,77,-0.036779560552796214,0.02546857218061548,-0.08669796202680255,0.013138840921210121
17.5,TD,77,-0.06852886403134212,0.024386927407941895,-0.11632724175090822,-0.020730486311776007
18.0,TD,77,-0.09146209390758606,0.024270705387692038,-0.13903267646746245,-0.04389151134770966
18.5,TD,77,-0.11971888029024551,0.02510999303089813,-0.16893446663080583,-0.07050329394968519
19.0,TD,77,-0.14842062061411407,0.025165604806020512,-0.19774520603391427,-0.09909603519431387
19.5,TD,77,-0.180605886338679,0.024257320486832632,-0.22815023449287095,-0.13306153818448704
20.0,TD,77,-0.21016410789061896,0.024775325596245585,-0.2587237460592603,-0.16160446972197762
20.5,TD,77,-0.24943096411168436,0.023879535070212555,-0.29623485284930096,-0.20262707537406777
21.0,TD,77,-0.2845959043156747,0.023724353164083466,-0.3310956365172783,-0.23809617211407114
21.5,TD,77,-0.32527206543696513,0.023357767699994182,-0.3710532901289537,-0.27949084074497654
22.0,TD,77,-0.35447008102585165,0.02307342707448567,-0.3996939980918436,-0.3092461639598597
22.5,TD,77,-0.3959889990764809,0.022125899313439324,-0.43935576173082197,-0.3526222364221398
23.0,TD,77,-0.4273481910638192,0.021415226497220118,-0.46932203499837066,-0.38537434712926777
23.5,TD,77,-0.4604461170860112,0.021524262791231444,-0.5026336721568249,-0.41825856201519757
24.0,TD,77,-0.48141945883104603,0.021503166401469678,-0.5235656649779266,-0.43927325268416545
24.5,TD,77,-0.49731797797266447,0.020787775508964726,-0.5380620179702353,-0.4565739379750936
25.0,TD,77,-0.5264300027644058,0.02092871783486235,-0.567450289720736,-0.48540971580807557
25.5,TD,77,-0.5493871540927897,0.02154376561685942,-0.5916129347018342,-0.5071613734837452
26.0,TD,77,-0.5697951785776575,0.021508228899663362,-0.6119513072209977,-0.5276390499343173
26.5,TD,77,-0.5965218011845079,0.021951157482763363,-0.6395460698507242,-0.5534975325182917
27.0,TD,77,-0.6104712784756673,0.02269851015041017,-0.6549603583704712,-0.5659821985808634
27.5,TD,77,-0.6257166071007514,0.022352560384213578,-0.66952762545381,-0.5819055887476928
28.0,TD,77,-0.6361936808042365,0.021601497864978194,-0.6785326166195939,-0.5938547449888792
28.5,TD,77,-0.6444609991438012,0.02218474210567532,-0.6879430936709248,-0.6009789046166776
29.0,TD,77,-0.6618309728625166,0.023109591083885793,-0.7071257713869328,-0.6165361743381004
29.5,TD,77,-0.6740820585498548,0.023580562186029257,-0.7202999604344722,-0.6278641566652374
30.0,TD,77,-0.6844298945364548,0.024628318404344852,-0.7327013986089707,-0.6361583904639388
30.5,TD,77,-0.6943547623128801,0.025164856872663798,-0.7436778817833011,-0.6450316428424591
31.0,TD,77,-0.7112121738976789,0.024873379100847377,-0.7599639969353398,-0.662460350860018
31.5,TD,77,-0.7290585619290162,0.025070852059392055,-0.7781974319654246,-0.6799196918926078
32.0,TD,77,-0.7547325069433989,0.0241350880558398,-0.8020372795328449,-0.7074277343539529
32.5,TD,77,-0.7752056379323646,0.024044462989407527,-0.8223327853916034,-0.7280784904731259
33.0,TD,77,-0.7850863896469062,0.02385410335369556,-0.8318404322201496,-0.7383323470736629
33.5,TD,77,-0.8075084946433354,0.022994807189847078,-0.8525783167354357,-0.7624386725512351
34.0,TD,77,-0.8134498958754175,0.023717965611055852,-0.8599371084730869,-0.7669626832777481
34.5,TD,77,-0.8287306843860008,0.025983691589456702,-0.8796587199013359,-0.7778026488706657
35.0,TD,77,-0.8507150485525583,0.02665709414124775,-0.9029629530694039,-0.7984671440357127
35.5,TD,77,-0.8572021107393137,0.027052768114990168,-0.9102255362446945,-0.804178685233933
36.0,TD,77,-0.8717265508447225,0.027296775613787135,-0.9252282310477453,-0.8182248706416997
36.5,TD,77,-0.8764758532156002,0.026998345533548202,-0.9293926104613547,-0.8235590959698457
37.0,TD,77,-0.8960067685138406,0.02774187871957309,-0.9503808508042039,-0.8416326862234774
37.5,TD,77,-0.9051987235313613,0.02821333736740261,-0.9604968647714704,-0.8499005822912522
38.0,TD,77,-0.9134241617331585,0.02843429436690421,-0.9691553786922908,-0.8576929447740262
38.5,TD,77,-0.922539416297925,0.02910570784950412,-0.9795866036829531,-0.8654922289128969
39.0,TD,77,-0.9252099965236519,0.02806014283512055,-0.9802078764804881,-0.8702121165668156
39.5,TD,77,-0.9331799803960532,0.029504731769499828,-0.9910092546642729,-0.8753507061278335
40.0,TD,77,-0.9419608907649089,0.030107079969879835,-1.0009707675058732,-0.8829510140239444
