channel,topomap_x,topomap_y,inside_head,beta_TD_minus_ASD,SE,p,q,fdr_significant,is_posterior_roi
E1,0.06396865115436708,0.06101212520125522,0.0,0.153257934704253,0.0608383197970984,0.0130586450761366,0.0696461070727288,False,False
E2,0.03290049329794777,0.06963128147307757,1.0,0.1221731070317203,0.0715287966371454,0.0903293971972516,0.1927027140208035,False,False
E3,0.02301651356571854,0.06322721329252798,1.0,0.0402355835221227,0.0672004086862126,0.5504126203159895,0.652340883337469,False,False
E4,2.173241489548103e-18,0.0354917269381049,1.0,0.0651840739788022,0.0297489691313215,0.0302239658968083,0.113191558263211,False,False
E5,0.02496851140948527,0.08548324776546808,0.0,0.1053183468577912,0.088158922676947,0.2353313940152727,0.3423002094767604,False,False
E6,4.298937925271695e-18,0.07020698422214115,1.0,0.0525008487773119,0.0583195731628871,0.3697168673829651,0.4971932035308666,False,False
E7,-0.017885542685265435,0.031320722490131694,1.0,0.0465552853916943,0.0291589830423504,0.1127457907059972,0.2186585031873885,False,False
E8,5.080155480814714e-18,0.08296523510863242,0.0,0.127914924414906,0.0614600948390743,0.0395539828795601,0.113191558263211,False,False
E9,-0.02301651356571853,0.06322721329252798,1.0,0.0688046750025433,0.0538709208771518,0.2038208557850214,0.3181593846400334,False,False
E10,-0.024968511409485285,0.08548324776546808,0.0,0.0299262795954723,0.077175686465715,0.6989800705269845,0.7530735579673029,False,False
E11,-0.03290049329794779,0.06963128147307755,1.0,0.1207145334221316,0.0564201927906151,0.0344676212360132,0.113191558263211,False,False
E12,-0.035932587866459434,0.05398969543015078,1.0,0.1027390634670727,0.0565688881002189,0.0717397926923748,0.1583223011142064,False,False
E13,-0.047689302319972454,0.05022827804527653,1.0,0.1688122373730771,0.0594814264832124,0.0053175375778798,0.0536319972842843,False,False
E14,-0.043760880598318695,0.03843671108958216,1.0,0.1578571122484773,0.0567803462668443,0.0062344343391489,0.0536319972842843,False,False
E15,-0.03578462866049454,0.02692383786385812,1.0,0.0548517236309841,0.0396945552861373,0.1693712278114062,0.2929664481062162,False,False
E16,-0.026893101244561127,0.01444333430238387,1.0,0.0747591832680293,0.0325458269025315,0.0232025519408999,0.0989975549478397,False,False
E17,-0.06396865115436708,0.06101212520125522,0.0,0.148507579585858,0.0750401672964339,0.0500453138104568,0.1231884647642015,False,False
E18,-0.06023486139715975,0.04096123011738941,1.0,0.1006628536335214,0.0691407776425114,0.1479241378049936,0.270489851986274,False,False
E19,-0.05684912796245359,0.028926300245264294,1.0,0.074276126597159,0.0607121069201683,0.2234926326016037,0.3330804261151564,False,False
E20,-0.040844771892944116,0.00887264738436279,1.0,0.0464986426465093,0.0363622156361264,0.2032413932492859,0.3181593846400334,False,False
E21,-0.028344553236415947,-0.0034024889950949352,1.0,0.0746067463953381,0.0294071874695874,0.0123619406546969,0.0696461070727288,False,False
E22,-0.05359004675658456,-0.0005096786892179379,1.0,0.0398762862775271,0.047144349881103,0.3992116625270706,0.5109909280346504,False,False
E23,-0.0795146169860049,0.013974501622553285,0.0,0.1063371707526687,0.0644098153397681,0.1012009519294561,0.2089309975317804,False,False
E24,-0.06726628059747358,-0.015099514188383735,1.0,0.0412704782925848,0.0853010247630415,0.6294325122254149,0.6957077669238011,False,False
E25,-0.05994457196438001,-0.01453991766280516,1.0,-0.032738951749939,0.0592679055587857,0.5816525823863645,0.6647458084415595,False,False
E26,-0.052663590769443394,-0.01803528029906818,1.0,0.0057222230531107,0.0385754244165192,0.8823036758351064,0.8823036758351064,False,False
E27,-0.0531837784830263,-0.03320810605031466,1.0,0.0348269553461235,0.0389519027492897,0.3728949026481499,0.4971932035308666,False,False
E28,-0.04479690925653423,-0.02847603560789744,1.0,0.0668691728094035,0.0320473069606217,0.0388652798730816,0.113191558263211,False,False
E29,-0.06984500423842799,-0.039654649444060094,0.0,0.0334828175453771,0.0602886505718225,0.5796150597941327,0.6647458084415595,False,False
E30,-0.05355936360409902,-0.04831182697668051,1.0,0.030474444590473,0.0451237058101237,0.5006508094855562,0.6045594680580301,False,False
E31,-0.03128405645943401,-0.03970845706326067,1.0,0.0819711563210573,0.0290936740054868,0.0055963527270749,0.0536319972842843,False,False
E32,-0.05623214996961524,-0.060837905725546294,0.0,0.0574026623596823,0.065673882349828,0.3836994809801229,0.5011585057699566,False,False
E33,-0.014047341359273212,-0.04969753278321529,1.0,0.1069691699564322,0.0311459723564848,0.0007939043608607,0.0254049395475442,True,True
E34,1.4392201915883593e-18,-0.023504249430781193,1.0,0.0832689645652601,0.0399868746582111,0.039280981748958,0.113191558263211,False,False
E35,-0.024130798512870283,-0.07280580499121184,1.0,0.1156750156184603,0.0547913672078486,0.0367160861785281,0.113191558263211,False,False
E36,3.322300875348827e-18,-0.054257290798652186,1.0,0.1169124549715797,0.0363937450520184,0.0016538100405018,0.0352812808640399,True,True
E37,4.598767726448652e-18,-0.07510357647038302,1.0,0.1705393422955826,0.0547076696258362,0.002250840490471,0.0360134478475373,True,True
E38,0.01404734135927321,-0.049697532783215294,1.0,0.1343483593579044,0.0338447568335986,0.0001180729739147,0.0075566703305446,True,True
E39,0.024130798512870272,-0.07280580499121184,1.0,0.1785993106915019,0.0663085603863383,0.0080191445628263,0.0570250280023207,False,False
E40,0.03128405645943401,-0.03970845706326067,1.0,0.0845685480090444,0.0360826073929272,0.0205957682560589,0.0941520834562696,False,False
E41,0.028344553236415947,-0.0034024889950949287,1.0,0.0513453792952501,0.0345710645421292,0.1398718160018749,0.2632881242388234,False,False
E42,0.04479690925653421,-0.028476035607897444,1.0,0.0690405288502236,0.0348643298656456,0.0497856266824594,0.1231884647642015,False,False
E43,0.056232149969615224,-0.060837905725546294,0.0,0.1060919721033686,0.0577128309097899,0.0683047211310656,0.1561250768710072,False,False
E44,0.053559363604099006,-0.048311826976680516,1.0,0.0725943165942858,0.0550638380351414,0.1896640337943557,0.3181593846400334,False,False
E45,0.05318377848302631,-0.033208106050314656,1.0,0.082827884128519,0.041169611392913,0.0462692100274409,0.1231884647642015,False,False
E46,0.052663590769443394,-0.01803528029906817,1.0,0.0946708373847654,0.0440285768194104,0.0333609489187912,0.113191558263211,False,False
E47,0.06984500423842799,-0.0396546494440601,0.0,0.1101542619218731,0.0532768235840944,0.0406782162508414,0.113191558263211,False,False
E48,0.05994457196438001,-0.014539917662805152,1.0,-0.0119476690940611,0.0582098390695801,0.8377015227534166,0.8509983723209311,False,False
E49,0.05359004675658456,-0.0005096786892179342,1.0,0.0199829903198704,0.0551684974626824,0.7177732349375856,0.7530735579673029,False,False
E50,0.040844771892944116,0.008872647384362782,1.0,0.0422540966650655,0.0367462655725768,0.2522689825835771,0.3562261155187304,False,False
E51,0.02689310124456113,0.014443334302383868,1.0,0.0455590586333599,0.032286028339376,0.1606016005097978,0.2855139564618628,False,False
E52,0.06726628059747358,-0.015099514188383746,1.0,0.0254475016591281,0.0527671523304245,0.6304851637746948,0.6957077669238011,False,False
E53,0.03578462866049454,0.02692383786385812,1.0,0.0468249694200641,0.0410473641563259,0.2560375205290874,0.3562261155187304,False,False
E54,0.017885542685265442,0.03132072249013169,1.0,0.0401336985930368,0.032835722562022,0.2237884112961207,0.3330804261151564,False,False
E55,0.07951461698600491,0.013974501622553277,0.0,0.1602965692360765,0.0581215132250679,0.0067039996605355,0.0536319972842843,False,False
E56,0.05684912796245359,0.028926300245264287,1.0,-0.025240274112198,0.0693399291538834,0.7165036117887713,0.7530735579673029,False,False
E57,0.043760880598318695,0.03843671108958216,1.0,0.0424599546801682,0.0555718276985932,0.4462514408142206,0.5492325425405793,False,False
E58,0.06023486139715975,0.0409612301173894,1.0,0.071373041726855,0.0555910568152737,0.2015536793543656,0.3181593846400334,False,False
E59,0.04768930231997245,0.05022827804527653,1.0,0.1506379495816299,0.0575838485584913,0.0099932811117008,0.0639569991148855,False,False
E60,0.03593258786645944,0.05398969543015077,1.0,0.1159254164436275,0.0615921304367486,0.0621045117864036,0.1472106946048087,False,False
E61,0.07915381440324587,0.05624965917341603,0.0,0.0506325559694487,0.0618092125608436,0.4142710269051155,0.5198695239593607,False,False
E62,0.062331173521897106,0.10414224255998604,0.0,0.1460056199805728,0.0908249051566691,0.1111184295281674,0.2186585031873885,False,False
E63,-0.06233117352189712,0.10414224255998604,0.0,0.2768850159316126,0.1133380136399708,0.0165405527997096,0.081430413783186,False,False
E64,-0.07915381440324587,0.05624965917341603,0.0,0.016624451725274,0.0690862889387411,0.8102500799315014,0.8363871792841305,False,False
